order_id,order_date,customer_name,product,quantity,unit_price,region,payment_method
1001,2024-01-15,  john smith,Laptop,2,850.0,Casablanca,Credit Card
1002,2024-01-20,Marie DUPONT ,laptop ,1,850.0,casablanca,credit card
1003,15/01/2024,paul martin,LAPTOP,3,850.0,CASABLANCA,CREDIT CARD
1004,2024-02-01,Sarah Johnson,Smartphone,1,450.0,Rabat,PayPal
1005,2024-02-10,,smartphone,2,,rabat,paypal
1006,2024-02-15,mohamed ali,Tablet,1,320.0,RABAT,PAYPAL
1007,2024/02/20,  Emma Brown ,  tablet,4,320.0,Marrakech,Cash
1008,2024-03-01,Lucas Petit,TABLET,2,320.0,  marrakech,cash
1009,2024-03-05,  sophie leroy,Headphones,1,120.0,MARRAKECH,CASH
1010,2024-03-12,Ahmed BENANI,headphones ,-1,120.0,Agadir,Bank Transfer
1011,2024-03-20,  yasmine kadi,HEADPHONES,2,120.0,agadir,bank transfer
1012,2024-04-01,Thomas Moreau,Keyboard,5,75.0,AGADIR,BANK TRANSFER
1013,2024-04-10,Nadia FAHMI ,  keyboard,1,75.0,Fès,Credit Card
1014,2024-04-15,,KEYBOARD,2,75.0,fès,credit card
1015,2024-05-01,  karim idrissi,Mouse,3,25.0,FES,CREDIT CARD
1016,2024-05-10,Julie LEFEBVRE,mouse ,1,-50.0,Tanger,PayPal
1017,2024-05-20,  omar benjelloun,MOUSE,2,25.0,  tanger,paypal
1018,2024-06-01,Clara Dubois,Monitor,4,180.0,TANGER,PAYPAL
1019,2024-06-15,  hassan alaoui,  monitor,1,180.0,Casablanca,Cash
1020,2024-06-20,Emma BROWN,MONITOR,2,180.0,casablanca,cash
1021,2024-07-01,  pierre durand,Printer,3,150.0,Rabat,CASH
1022,2024-07-10,Fatima ZAHRA ,printer ,1,150.0,  rabat,Bank Transfer
1023,2024-07-15,  lucas petit,PRINTER,0,150.0,RABAT,bank transfer
1024,2024-08-01,Sarah JOHNSON,Camera,1,400.0,Marrakech,BANK TRANSFER
1025,2024-08-10,  ahmed benani,  camera,4,400.0,marrakech,Credit Card
1026,2024-08-20,Marie Dupont,CAMERA,2,400.0,MARRAKECH,credit card
1027,2024-09-01,  yasmine KADI,Speaker,3,90.0,Agadir,CREDIT CARD
1028,2024-09-10,Thomas MOREAU,speaker ,1,90.0,agadir,PayPal
1029,2024-09-15,  nadia fahmi,SPEAKER,2,90.0,AGADIR,paypal
1030,2024-10-01,Karim IDRISSI,Charger,5,35.0,Fès,PAYPAL
1030,2024-10-01,Karim IDRISSI,Charger,5,35.0,Fès,PAYPAL
1031,2024-10-15,  julie lefebvre,  charger,1,35.0,fès,Cash
1032,2024-11-01,Omar BENJELLOUN,CHARGER,3,35.0,FES,cash
1033,2024-11-10,  clara dubois,Cable,2,15.0,Tanger,CASH
1034,2024-11-20,Hassan ALAOUI,cable ,1,15.0,tanger,Bank Transfer
1035,2024-12-01,  pierre DURAND,CABLE,4,15.0,TANGER,bank transfer
1036,2024-12-10,Fatima zahra,Adapter,2,20.0,Casablanca,BANK TRANSFER
1037,2024-12-15,  lucas PETIT,  adapter,1,20.0,  casablanca,Credit Card
1038,2024-12-20,Sarah Johnson,ADAPTER,3,20.0,CASABLANCA,credit card
1039,2024-12-25,  emma brown,Webcam,2,60.0,Rabat,CREDIT CARD
1040,2024-12-30,John Smith,Webcam,1,60.0,rabat,PayPal
