order_id,order_date,customer_name,product,quantity,unit_price,region,payment_method,revenue,month,year
1001,2024-01-15,John Smith,Laptop,2,850.0,Casablanca,Credit Card,1700.0,2024-01,2024
1002,2024-01-20,Marie Dupont,Laptop,1,850.0,Casablanca,Credit Card,850.0,2024-01,2024
1003,2024-01-15,Paul Martin,Laptop,3,850.0,Casablanca,Credit Card,2550.0,2024-01,2024
1004,2024-02-01,Sarah Johnson,Smartphone,1,450.0,Rabat,Paypal,450.0,2024-02,2024
1005,2024-02-10,,Smartphone,2,105.0,Rabat,Paypal,210.0,2024-02,2024
1006,2024-02-15,Mohamed Ali,Tablet,1,320.0,Rabat,Paypal,320.0,2024-02,2024
1007,2024-02-20,Emma Brown,Tablet,4,320.0,Marrakech,Cash,1280.0,2024-02,2024
1008,2024-03-01,Lucas Petit,Tablet,2,320.0,Marrakech,Cash,640.0,2024-03,2024
1009,2024-03-05,Sophie Leroy,Headphones,1,120.0,Marrakech,Cash,120.0,2024-03,2024
1010,2024-03-12,Ahmed Benani,Headphones,2,120.0,Agadir,Bank Transfer,240.0,2024-03,2024
1011,2024-03-20,Yasmine Kadi,Headphones,2,120.0,Agadir,Bank Transfer,240.0,2024-03,2024
1012,2024-04-01,Thomas Moreau,Keyboard,5,75.0,Agadir,Bank Transfer,375.0,2024-04,2024
1013,2024-04-10,Nadia Fahmi,Keyboard,1,75.0,Fès,Credit Card,75.0,2024-04,2024
1014,2024-04-15,,Keyboard,2,75.0,Fès,Credit Card,150.0,2024-04,2024
1015,2024-05-01,Karim Idrissi,Mouse,3,25.0,Fès,Credit Card,75.0,2024-05,2024
1016,2024-05-10,Julie Lefebvre,Mouse,1,105.0,Tanger,Paypal,105.0,2024-05,2024
1017,2024-05-20,Omar Benjelloun,Mouse,2,25.0,Tanger,Paypal,50.0,2024-05,2024
1018,2024-06-01,Clara Dubois,Monitor,4,180.0,Tanger,Paypal,720.0,2024-06,2024
1019,2024-06-15,Hassan Alaoui,Monitor,1,180.0,Casablanca,Cash,180.0,2024-06,2024
1020,2024-06-20,Emma Brown,Monitor,2,180.0,Casablanca,Cash,360.0,2024-06,2024
1021,2024-07-01,Pierre Durand,Printer,3,150.0,Rabat,Cash,450.0,2024-07,2024
1022,2024-07-10,Fatima Zahra,Printer,1,150.0,Rabat,Bank Transfer,150.0,2024-07,2024
1023,2024-07-15,Lucas Petit,Printer,2,150.0,Rabat,Bank Transfer,300.0,2024-07,2024
1024,2024-08-01,Sarah Johnson,Camera,1,400.0,Marrakech,Bank Transfer,400.0,2024-08,2024
1025,2024-08-10,Ahmed Benani,Camera,4,400.0,Marrakech,Credit Card,1600.0,2024-08,2024
1026,2024-08-20,Marie Dupont,Camera,2,400.0,Marrakech,Credit Card,800.0,2024-08,2024
1027,2024-09-01,Yasmine Kadi,Speaker,3,90.0,Agadir,Credit Card,270.0,2024-09,2024
1028,2024-09-10,Thomas Moreau,Speaker,1,90.0,Agadir,Paypal,90.0,2024-09,2024
1029,2024-09-15,Nadia Fahmi,Speaker,2,90.0,Agadir,Paypal,180.0,2024-09,2024
1030,2024-10-01,Karim Idrissi,Charger,5,35.0,Fès,Paypal,175.0,2024-10,2024
1031,2024-10-15,Julie Lefebvre,Charger,1,35.0,Fès,Cash,35.0,2024-10,2024
1032,2024-11-01,Omar Benjelloun,Charger,3,35.0,Fès,Cash,105.0,2024-11,2024
1033,2024-11-10,Clara Dubois,Cable,2,15.0,Tanger,Cash,30.0,2024-11,2024
1034,2024-11-20,Hassan Alaoui,Cable,1,15.0,Tanger,Bank Transfer,15.0,2024-11,2024
1035,2024-12-01,Pierre Durand,Cable,4,15.0,Tanger,Bank Transfer,60.0,2024-12,2024
1036,2024-12-10,Fatima Zahra,Adapter,2,20.0,Casablanca,Bank Transfer,40.0,2024-12,2024
1037,2024-12-15,Lucas Petit,Adapter,1,20.0,Casablanca,Credit Card,20.0,2024-12,2024
1038,2024-12-20,Sarah Johnson,Adapter,3,20.0,Casablanca,Credit Card,60.0,2024-12,2024
1039,2024-12-25,Emma Brown,Webcam,2,60.0,Rabat,Credit Card,120.0,2024-12,2024
1040,2024-12-30,John Smith,Webcam,1,60.0,Rabat,Paypal,60.0,2024-12,2024
